Workbook

Sheet well_lookup
A1: Well_ID | B1: STATUS | C1: Present in PGOWN Spreadsheet? | D1: Region
A2: 2 | B2: Active | C2: =_xlfn.XLOOKUP(A2,'PGOWN TEAMS'!A:A,'PGOWN TEAMS'!C:C,"no") -> yes | D2: South Coast
A3: 8 | B3: Active | C3: =_xlfn.XLOOKUP(A3,'PGOWN TEAMS'!A:A,'PGOWN TEAMS'!C:C,"no") -> yes | D3: South Coast
A4: 35 | B4: Active | C4: =_xlfn.XLOOKUP(A4,'PGOWN TEAMS'!A:A,'PGOWN TEAMS'!C:C,"no") -> yes | D4: Thompson-Cariboo
A5: 45 | B5: Active | C5: =_xlfn.XLOOKUP(A5,'PGOWN TEAMS'!A:A,'PGOWN TEAMS'!C:C,"no") -> yes | D5: Thompson-Cariboo
A6: 47 | B6: Active | C6: =_xlfn.XLOOKUP(A6,'PGOWN TEAMS'!A:A,'PGOWN TEAMS'!C:C,"no") -> yes | D6: Okanagan-Kootenay
A7: 58 | B7: Active | C7: =_xlfn.XLOOKUP(A7,'PGOWN TEAMS'!A:A,'PGOWN TEAMS'!C:C,"no") -> yes | D7: West Coast
A8: 60 | B8: Active | C8: =_xlfn.XLOOKUP(A8,'PGOWN TEAMS'!A:A,'PGOWN TEAMS'!C:C,"no") -> yes | D8: West Coast
A9: 71 | B9: Active | C9: =_xlfn.XLOOKUP(A9,'PGOWN TEAMS'!A:A,'PGOWN TEAMS'!C:C,"no") -> yes | D9: West Coast
A10: 74 | B10: Active | C10: =_xlfn.XLOOKUP(A10,'PGOWN TEAMS'!A:A,'PGOWN TEAMS'!C:C,"no") -> yes | D10: Okanagan-Kootenay
A11: 75 | B11: Active | C11: =_xlfn.XLOOKUP(A11,'PGOWN TEAMS'!A:A,'PGOWN TEAMS'!C:C,"no") -> yes | D11: Okanagan-Kootenay
A12: 80 | B12: Active | C12: =_xlfn.XLOOKUP(A12,'PGOWN TEAMS'!A:A,'PGOWN TEAMS'!C:C,"no") -> yes | D12: Thompson-Cariboo
A13: 81 | B13: Active | C13: =_xlfn.XLOOKUP(A13,'PGOWN TEAMS'!A:A,'PGOWN TEAMS'!C:C,"no") -> yes | D13: Thompson-Cariboo
... A244: 517 | B244: Active | C244: =_xlfn.XLOOKUP(A244,'PGOWN TEAMS'!A:A,'PGOWN TEAMS'!C:C,"no") -> yes | D244: Omineca
A245: 518 | B245: Active | C245: yes | D245: Okanagan-Kootenay
A246: 519 | B246: Active | C246: =_xlfn.XLOOKUP(A246,'PGOWN TEAMS'!A:A,'PGOWN TEAMS'!C:C,"no") -> yes | D246: Omineca
A247: 520 | B247: Active | C247: yes | D247: Skeena
A248: 521 | B248: Active | C248: yes | D248: West Coast
A249: 523 | B249: Active | C249: yes | D249: North East

Sheet PGOWN TEAMS
A1: Obs Well # | B1: Status
A2: 2 | B2: Active | C2: yes
A3: 8 | B3: Active | C3: yes
A4: 35 | B4: Active | C4: yes
A5: 45 | B5: Active | C5: yes
A6: 47 | B6: Active | C6: yes
A7: 58 | B7: Active | C7: yes
A8: 60 | B8: Active | C8: yes
A9: 71 | B9: Active | C9: yes
A10: 74 | B10: Active | C10: yes
A11: 75 | B11: Active | C11: yes
A12: 80 | B12: Active | C12: yes
A13: 81 | B13: Active | C13: yes
... A243: 523 | B243: Active | C243: yes
